NOM_CAPA,longitude,latitude,EQUIPAMENT,NOM_DISTRICTE,NOM_BARRI
Ferrocarrils Generalitat (FGC),2.135427,41.397791,FGC - BONANOVA-,Sarrià-Sant Gervasi,Sant Gervasi - Galvany
Ferrocarrils Generalitat (FGC),2.139248,41.405731,FGC - EL PUTXET-,Sarrià-Sant Gervasi,el Putxet i el Farró
Metro i línies urbanes FGC,2.111874,41.384249,Zona Universitària (Dr. Marañón / Diagonal)-,Les Corts,la Maternitat i Sant Ramon
Metro i línies urbanes FGC,2.170146,41.385429,Catalunya (La Rambla)-,Ciutat Vella,el Raval
Metro i línies urbanes FGC,2.16013,41.396244,Diagonal (Diagonal / Pau Claris)-,Eixample,la Dreta de l'Eixample
Metro i línies urbanes FGC,2.149637,41.406234,Lesseps (Septimània)-,Sarrià-Sant Gervasi,el Putxet i el Farró
Metro i línies urbanes FGC,2.141301,41.417531,Penitents (Avinguda Vallcarca)-,Gràcia,Vallcarca i els Penitents
Metro i línies urbanes FGC,2.150209,41.388368,Hospital Clínic (Comte d'Urgell)-,Eixample,la Nova Esquerra de l'Eixample
Metro i línies urbanes FGC,2.16747,41.399107,Verdaguer (Bailèn)-,Eixample,la Dreta de l'Eixample
Metro i línies urbanes FGC,2.166742,41.430379,Vilapicina (Cartellà)-,Nou Barris,Vilapicina i la Torre Llobeta
Metro i línies urbanes FGC,2.138586,41.37544,Plaça de Sants (Riego)-,Sants-Montjuïc,Sants
Metro i línies urbanes FGC,2.137183,41.375321,Plaça de Sants (Olzinelles)-,Sants-Montjuïc,Sants
Metro i línies urbanes FGC,2.150072,41.374841,Espanya (Exposició)-,Sants-Montjuïc,el Poble-sec
Metro i línies urbanes FGC,2.158937,41.375177,Poble Sec (Manso)-,Eixample,Sant Antoni
Metro i línies urbanes FGC,2.158979,41.374902,Poble Sec (Teodor Bonaplata)-,Sants-Montjuïc,el Poble-sec
Metro i línies urbanes FGC,2.169533,41.387543,Catalunya (Centre Plaça)-,Eixample,la Dreta de l'Eixample
Metro i línies urbanes FGC,2.195105,41.414871,Bac de Roda (Bac de Roda)-,Sant Martí,Sant Martí de Provençals
Metro i línies urbanes FGC,2.138256,41.361128,METRO (L10S) - Foneria-,Sants-Montjuïc,la Marina de Port
Metro i línies urbanes FGC,2.168879,41.373877,METRO (FM) - Paral·lel-,Sants-Montjuïc,el Poble-sec
Metro i línies urbanes FGC,2.148498,41.435673,METRO (L3) - Mundet-,Horta-Guinardó,la Vall d'Hebron
Metro i línies urbanes FGC,2.148318,41.375296,Espanya (Creu Coberta)-,Sants-Montjuïc,Hostafrancs
RENFE,2.170436,41.388108,RENFE - CATALUNYA-,Eixample,la Dreta de l'Eixample
Tramvia,2.219829,41.411777,TRAMVIA (T4) - FÒRUM-,Sant Martí,el Besòs i el Maresme
Tramvia,2.197653,41.411242,"TRAMVIA (T5, T6) - ESPRONCEDA-",Sant Martí,Provençals del Poblenou
Tramvia,2.115012,41.38048,"TRAMVIA (T1,T2,T3) - AVINGUDA DE XILE-",Les Corts,la Maternitat i Sant Ramon
Metro i línies urbanes FGC,2.210257,41.419929,METRO (L4) - Besòs-,Sant Martí,el Besòs i el Maresme
Metro i línies urbanes FGC,2.145645,41.384495,METRO (L5) - Entença-,Eixample,la Nova Esquerra de l'Eixample
Metro i línies urbanes FGC,2.167645,41.430493,METRO (L5) - Vilapicina-,Nou Barris,el Turó de la Peira
Metro i línies urbanes FGC,2.20532,41.436231,METRO (L9NL10N) - Bon Pastor-,Sant Andreu,el Bon Pastor
Metro i línies urbanes FGC,2.174722,41.460923,Ciutat Meridiana (Avinguda Rasos de Peguera)-,Nou Barris,Ciutat Meridiana
Metro i línies urbanes FGC,2.127161,41.341382,Parc Logístic (Av. Parc Logístic / C. Número Un)-,Sants-Montjuïc,la Marina del Prat Vermell
Metro i línies urbanes FGC,2.187168,41.41554,Navas (Navas de Tolosa)-,Sant Andreu,Navas
Metro i línies urbanes FGC,2.184227,41.428993,Fabra i Puig (Concepción Arenal)-,Sant Andreu,Sant Andreu
Metro i línies urbanes FGC,2.193942,41.448718,Trinitat Vella (Via Bàrcino)-,Sant Andreu,la Trinitat Vella
Metro i línies urbanes FGC,2.163043,41.379015,Sant Antoni (Urgell)-,Eixample,Sant Antoni
Metro i línies urbanes FGC,2.168813,41.389706,Passeig de Gràcia (Pau Claris)-,Eixample,la Dreta de l'Eixample
Metro i línies urbanes FGC,2.110631,41.376202,Ernest Lluch (Avinguda de Xile)-,Les Corts,la Maternitat i Sant Ramon
Metro i línies urbanes FGC,2.176548,41.376975,Drassanes (La Rambla)-,Ciutat Vella,el Raval
Metro i línies urbanes FGC,2.187234,41.409376,Clot (Aragó / Meridiana)-,Sant Martí,el Clot
Metro i línies urbanes FGC,2.183681,41.430013,Fabra i Puig (Avinguda Meridiana)-,Sant Andreu,Sant Andreu
Metro i línies urbanes FGC,2.144961,41.342872,Zona Franca (Carrer A (costat mar))-,Sants-Montjuïc,la Marina del Prat Vermell
Metro i línies urbanes FGC,2.133018,41.323636,ZAL | Riu Vell (Riu Llobregat)-,Sants-Montjuïc,la Marina del Prat Vermell
Metro i línies urbanes FGC,2.177199,41.422578,Maragall (Ronda Guinardó - costat Muntanya)-,Horta-Guinardó,el Guinardó
Ferrocarrils Generalitat (FGC),2.125112,41.39896,FGC - SARRIÀ-,Sarrià-Sant Gervasi,les Tres Torres
Ferrocarrils Generalitat (FGC),2.167015,41.385919,FGC - CATALUNYA (C. de Balmes)-,Eixample,la Dreta de l'Eixample
Metro i línies urbanes FGC,2.162924,41.406053,Joanic (Escorial)-,Gràcia,el Camp d'en Grassot i Gràcia Nova
Metro i línies urbanes FGC,2.209874,41.420292,Besòs (Tram Besòs)-,Sant Martí,el Besòs i el Maresme
Metro i línies urbanes FGC,2.208384,41.407801,Selva de Mar (Provençals)-,Sant Martí,Diagonal Mar i el Front Marítim del Poblenou
Metro i línies urbanes FGC,2.158841,41.429721,Horta (Lisboa)-,Horta-Guinardó,Horta
Metro i línies urbanes FGC,2.179469,41.400374,Monumental (Marina)-,Eixample,el Fort Pienc
Metro i línies urbanes FGC,2.176107,41.446956,Roquetes (Carrer de les Torres)-,Nou Barris,les Roquetes
Metro i línies urbanes FGC,2.154397,41.423314,El Carmel (Llobregós)-,Horta-Guinardó,el Carmel
Metro i línies urbanes FGC,2.144578,41.430446,Montbau (Residència Sanitària / Llars Mundet)-,Horta-Guinardó,Montbau
Metro i línies urbanes FGC,2.1866,41.421855,La Sagrera (Garcilaso)-,Sant Andreu,la Sagrera
Metro i línies urbanes FGC,2.135951,41.381698,Plaça del Centre (Plaça del Centre (mar))-,Sants-Montjuïc,Sants
Ferrocarrils Generalitat (FGC),2.158326,41.392331,FGC - PROVENÇA (C. de Provença)-,Eixample,l'Antiga Esquerra de l'Eixample
Metro i línies urbanes FGC,2.195529,41.41519,METRO (L2) - Bac de Roda-,Sant Martí,Sant Martí de Provençals
Metro i línies urbanes FGC,2.138181,41.375381,METRO (L1) - Plaça de Sants-,Sants-Montjuïc,Sants
Metro i línies urbanes FGC,2.145065,41.430648,METRO (L3) - Montbau-,Horta-Guinardó,Montbau
Metro i línies urbanes FGC,2.163267,41.379861,METRO (L2) - Sant Antoni-,Ciutat Vella,el Raval
Metro i línies urbanes FGC,2.178576,41.443758,METRO (L4) - Via Júlia-,Nou Barris,Verdun
Metro i línies urbanes FGC,2.165373,41.391631,METRO (L3) - Passeig de Gràcia-,Eixample,la Dreta de l'Eixample
Metro i línies urbanes FGC,2.179488,41.400552,METRO (L2) - Monumental-,Eixample,el Fort Pienc
Metro i línies urbanes FGC,2.20075,41.419092,METRO (L2) - Sant Martí-,Sant Martí,Sant Martí de Provençals
Metro i línies urbanes FGC,2.199588,41.449964,METRO (L1) - Baró de Viver-,Sant Andreu,la Trinitat Vella
Metro i línies urbanes FGC,2.192038,41.395136,METRO (L4) - Bogatell-,Sant Martí,el Parc i la Llacuna del Poblenou
Metro i línies urbanes FGC,2.178557,41.384154,METRO (L4) - Jaume I-,Ciutat Vella,"Sant Pere, Santa Caterina i la Ribera"
Metro i línies urbanes FGC,2.173056,41.381473,METRO (L3) - Liceu-,Ciutat Vella,el Barri Gòtic
Metro i línies urbanes FGC,2.169144,41.374921,METRO (L3) - Paral·lel-,Sants-Montjuïc,el Poble-sec
Metro i línies urbanes FGC,2.158917,41.382515,METRO (L1) - Urgell-,Eixample,l'Antiga Esquerra de l'Eixample
Metro i línies urbanes FGC,2.187563,41.402305,METRO (L1) - Glòries-,Sant Martí,el Parc i la Llacuna del Poblenou
Metro i línies urbanes FGC,2.184813,41.381839,METRO (L4) - Barceloneta-,Ciutat Vella,la Barceloneta
Metro i línies urbanes FGC,2.202967,41.403539,Poblenou (Pujades / Bilbao)-,Sant Martí,el Poblenou
Metro i línies urbanes FGC,2.197293,41.399236,Llacuna (Pujades / Ciutat de Granada)-,Sant Martí,el Poblenou
Metro i línies urbanes FGC,2.185845,41.382396,Barceloneta (Plaça Pau Vila)-,Ciutat Vella,"Sant Pere, Santa Caterina i la Ribera"
Metro i línies urbanes FGC,2.177091,41.448119,Roquetes (Vidal i Guasch)-,Nou Barris,les Roquetes
Metro i línies urbanes FGC,2.155041,41.423673,El Carmel (Mercat)-,Horta-Guinardó,el Carmel
Ferrocarrils Generalitat (FGC),2.142754,41.398631,FGC - MUNTANER-,Sarrià-Sant Gervasi,Sant Gervasi - Galvany
Metro i línies urbanes FGC,2.128194,41.341726,Parc Logístic (Av. Parc Logístic / C. Número Vint-i-cinc)-,Sants-Montjuïc,la Marina del Prat Vermell
Metro i línies urbanes FGC,2.144579,41.41181,Vallcarca (Gomis)-,Gràcia,Vallcarca i els Penitents
Metro i línies urbanes FGC,2.167841,41.374856,Paral·lel (Fontrodona)-,Sants-Montjuïc,el Poble-sec
Metro i línies urbanes FGC,2.128663,41.375646,Badal (Carrer de Sants)-,Sants-Montjuïc,Sants - Badal
Metro i línies urbanes FGC,2.135098,41.375678,Plaça de Sants (Plaça de Sants)-,Sants-Montjuïc,Sants
Metro i línies urbanes FGC,2.17719,41.424501,Maragall (Ramon Albó)-,Sant Andreu,el Congrés i els Indians
Metro i línies urbanes FGC,2.160597,41.395388,Diagonal (Pg. de Gràcia (escala mecànica))-,Eixample,la Dreta de l'Eixample
Metro i línies urbanes FGC,2.144279,41.37511,Hostafrancs (Hostafrancs)-,Sants-Montjuïc,Hostafrancs
Metro i línies urbanes FGC,2.14939,41.374273,Espanya (Exposició / Gran Via)-,Sants-Montjuïc,el Poble-sec
Metro i línies urbanes FGC,2.111546,41.38417,Zona Universitària (Avinguda Diagonal)-,Les Corts,la Maternitat i Sant Ramon
Metro i línies urbanes FGC,2.117983,41.386156,Palau Reial (Palau de Pedralbes)-,Les Corts,Pedralbes
Metro i línies urbanes FGC,2.135654,41.38214,Plaça del Centre (Plaça del Centre (muntanya))-,Les Corts,les Corts
Metro i línies urbanes FGC,2.142006,41.38111,Sants Estació (Av. Josep Tarradellas)-,Sants-Montjuïc,Sants
Metro i línies urbanes FGC,2.172495,41.382048,Liceu (La Rambla / Mercat de la Boqueria)-,Ciutat Vella,el Raval
Metro i línies urbanes FGC,2.179651,41.400516,Monumental (Marina / Plaça de Toros)-,Eixample,el Fort Pienc
Metro i línies urbanes FGC,2.182157,41.407093,Encants (València / Mallorca)-,Sant Martí,el Camp de l'Arpa del Clot
Metro i línies urbanes FGC,2.144991,41.343005,METRO (L10S) - Zona Franca-,Sants-Montjuïc,la Marina del Prat Vermell
Metro i línies urbanes FGC,2.125817,41.387844,METRO (L3) - Maria Cristina-,Les Corts,la Maternitat i Sant Ramon
Metro i línies urbanes FGC,2.184122,41.449528,METRO (L3) - Trinitat Nova-,Nou Barris,la Trinitat Nova
RENFE,2.181952,41.393385,RENFE - ARC DE TRIOMF-,Eixample,el Fort Pienc
RENFE,2.16875,41.387019,RENFE - CATALUNYA-,Eixample,la Dreta de l'Eixample
RENFE,2.187908,41.409832,RENFE - CLOT-,Sant Martí,el Clot
RENFE,2.189397,41.410259,RENFE - CLOT-,Sant Martí,el Clot
Metro i línies urbanes FGC,2.145362,41.378521,METRO (L3) - Tarragona-,Eixample,la Nova Esquerra de l'Eixample
Metro i línies urbanes FGC,2.158856,41.394463,METRO (L5) - Diagonal-,Eixample,la Dreta de l'Eixample
Metro i línies urbanes FGC,2.167115,41.39898,METRO (L5) - Verdaguer-,Eixample,la Dreta de l'Eixample
Metro i línies urbanes FGC,2.181523,41.415088,METRO (L5) - Camp de l'Arpa-,Sant Martí,el Camp de l'Arpa del Clot
Metro i línies urbanes FGC,2.16,41.429721,METRO (L5) - Horta-,Horta-Guinardó,Horta
Metro i línies urbanes FGC,2.142382,41.425021,METRO (L5) - Vall d'Hebron-,Horta-Guinardó,Montbau
Metro i línies urbanes FGC,2.180732,41.459324,Torre Baró | Vallbona (Avinguda Escolapi Càncer)-,Nou Barris,Torre Baró
Metro i línies urbanes FGC,2.183301,41.431517,Fabra i Puig (Sòcrates)-,Sant Andreu,Sant Andreu
Metro i línies urbanes FGC,2.183366,41.43085,Fabra i Puig (Renfe)-,Sant Andreu,Sant Andreu
Metro i línies urbanes FGC,2.163271,41.380684,Sant Antoni (Villarroel)-,Eixample,Sant Antoni
Metro i línies urbanes FGC,2.158254,41.382048,Urgell (Comte d'Urgell)-,Eixample,la Nova Esquerra de l'Eixample
Metro i línies urbanes FGC,2.190955,41.442435,Torras i Bages (Palomar / costat mar)-,Sant Andreu,Sant Andreu
Metro i línies urbanes FGC,2.163275,41.379017,Sant Antoni (Sant Antoni Abat)-,Ciutat Vella,el Raval
Metro i línies urbanes FGC,2.148115,41.434981,Mundet (Can Marcet)-,Horta-Guinardó,la Vall d'Hebron
Metro i línies urbanes FGC,2.159938,41.382757,Urgell (Villarroel / Sepúlveda)-,Eixample,Sant Antoni
Metro i línies urbanes FGC,2.173425,41.389386,Urquinaona (Plaça Urquinaona)-,Eixample,la Dreta de l'Eixample
Metro i línies urbanes FGC,2.173855,41.389119,Urquinaona (Trafalgar)-,Eixample,la Dreta de l'Eixample
Metro i línies urbanes FGC,2.183539,41.430506,Fabra i Puig (Passeig Fabra i Puig)-,Sant Andreu,Sant Andreu
Metro i línies urbanes FGC,2.142118,41.355684,Foc (Fira Gran Via (Pavellons 6·7·8))-,Sants-Montjuïc,la Marina del Prat Vermell
Metro i línies urbanes FGC,2.14486,41.342901,Zona Franca (Carrer A / Carrer 2)-,Sants-Montjuïc,la Marina del Prat Vermell
Ferrocarrils Generalitat (FGC),2.130828,41.397781,FGC - LES TRES TORRES-,Sarrià-Sant Gervasi,les Tres Torres
Tramvia,2.193551,41.408024,"TRAMVIA (T5, T6) - CAN JAUMANDREU-",Sant Martí,Provençals del Poblenou
Ferrocarrils Generalitat (FGC),2.147016,41.401372,FGC - SANT GERVASI-,Sarrià-Sant Gervasi,Sant Gervasi - Galvany
Metro i línies urbanes FGC,2.156061,41.425567,El Carmel (Plaça Pastrana)-,Horta-Guinardó,el Carmel
Tramvia,2.213571,41.417238,"TRAMVIA (T5, T6) - ALFONS EL MAGNÀNIM-",Sant Martí,el Besòs i el Maresme
Metro i línies urbanes FGC,2.167657,41.389795,Passeig de Gràcia (Passeig de Gràcia / Gran Via)-,Eixample,la Dreta de l'Eixample
Metro i línies urbanes FGC,2.168769,41.399925,Verdaguer (Passeig Sant Joan)-,Eixample,la Dreta de l'Eixample
Metro i línies urbanes FGC,2.118107,41.385621,Palau Reial (Facultat de Ciències)-,Les Corts,la Maternitat i Sant Ramon
Metro i línies urbanes FGC,2.173585,41.380953,Liceu (La Rambla / Teatre Liceu)-,Ciutat Vella,el Barri Gòtic
Ferrocarrils Generalitat (FGC),2.137173,41.410227,FGC - AVINGUDA DEL TIBIDABO-,Sarrià-Sant Gervasi,Sant Gervasi - la Bonanova
Ferrocarrils Generalitat (FGC),2.142617,41.403596,FGC - PADUA-,Sarrià-Sant Gervasi,Sant Gervasi - Galvany
Metro i línies urbanes FGC,2.174015,41.41599,METRO (L4) - Guinardó | Hospital de Sant Pau-,Horta-Guinardó,el Guinardó
Metro i línies urbanes FGC,2.166408,41.412405,METRO (L4) - Alfons X-,Horta-Guinardó,el Baix Guinardó
Metro i línies urbanes FGC,2.174675,41.460836,METRO (L11) - Ciutat Meridiana-,Nou Barris,Ciutat Meridiana
Metro i línies urbanes FGC,2.16431,41.385843,METRO (L1) - Universitat-,Eixample,Sant Antoni
Metro i línies urbanes FGC,2.168086,41.400393,METRO (L4) - Verdaguer-,Eixample,la Dreta de l'Eixample
Ferrocarrils Generalitat (FGC),2.135502,41.397638,FGC - BONANOVA-,Sarrià-Sant Gervasi,Sant Gervasi - Galvany
Metro i línies urbanes FGC,2.158906,41.394274,Diagonal (Rosselló / FGC)-,Eixample,la Dreta de l'Eixample
Metro i línies urbanes FGC,2.167342,41.430599,Vilapicina (Canfranc)-,Nou Barris,el Turó de la Peira
Metro i línies urbanes FGC,2.160976,41.430139,Horta (Plaça Eivissa)-,Horta-Guinardó,Horta
Metro i línies urbanes FGC,2.181739,41.448687,Trinitat Nova (Aiguablava)-,Nou Barris,la Trinitat Nova
Metro i línies urbanes FGC,2.126533,41.388322,Maria Cristina (Capità Arenas)-,Les Corts,Pedralbes
Metro i línies urbanes FGC,2.165214,41.441723,Canyelles (García Lorca)-,Nou Barris,Canyelles
Metro i línies urbanes FGC,2.141831,41.35619,METRO (L10S) - Foc-,Sants-Montjuïc,la Marina del Prat Vermell
Metro i línies urbanes FGC,2.141018,41.381626,METRO (L3) - Sants Estació-,Sants-Montjuïc,Sants
RENFE,2.169312,41.387546,RENFE - CATALUNYA-,Eixample,la Dreta de l'Eixample
RENFE,2.188597,41.409995,RENFE - CLOT-,Sant Martí,el Clot
RENFE,2.185449,41.384232,RENFE - DE FRANÇA-,Ciutat Vella,"Sant Pere, Santa Caterina i la Ribera"
RENFE,2.183101,41.430862,RENFE - SANT ANDREU ARENAL-,Sant Andreu,Sant Andreu
Tramvia,2.203312,41.40744,TRAMVIA (T4) - FLUVIÀ-,Sant Martí,Provençals del Poblenou
RENFE,2.165256,41.39187,RENFE - PASSEIG DE GRÀCIA-,Eixample,la Dreta de l'Eixample
Metro i línies urbanes FGC,2.151107,41.388636,METRO (L5) - Hospital Clínic-,Eixample,l'Antiga Esquerra de l'Eixample
Metro i línies urbanes FGC,2.155125,41.424478,METRO (L5) - El Carmel-,Horta-Guinardó,el Carmel
Metro i línies urbanes FGC,2.176042,41.410781,METRO (L5) - Sant Pau | Dos de Maig-,Eixample,la Sagrada Família
Metro i línies urbanes FGC,2.186608,41.421324,METRO (L5) - La Sagrera-,Sant Andreu,la Sagrera
Metro i línies urbanes FGC,2.1852,41.451289,Casa de l'Aigua (Aiguablava)-,Nou Barris,la Trinitat Nova
Metro i línies urbanes FGC,2.191044,41.437482,Sant Andreu (Joan Torras)-,Sant Andreu,Sant Andreu
Metro i línies urbanes FGC,2.16764,41.388952,Passeig de Gràcia (Rbla. Catalunya)-,Eixample,la Dreta de l'Eixample
Metro i línies urbanes FGC,2.187144,41.421794,La Sagrera (Meridiana | Hondures)-,Sant Andreu,la Sagrera
Metro i línies urbanes FGC,2.168159,41.375117,Paral·lel (Ronda Sant Pau)-,Ciutat Vella,el Raval
Metro i línies urbanes FGC,2.148451,41.435372,Mundet (Salesians)-,Horta-Guinardó,la Vall d'Hebron
Metro i línies urbanes FGC,2.154421,41.378611,Rocafort (Rocafort / Sepúlveda)-,Eixample,Sant Antoni
Metro i línies urbanes FGC,2.169671,41.388085,Catalunya (Passeig de Gràcia)-,Eixample,la Dreta de l'Eixample
Metro i línies urbanes FGC,2.175021,41.389956,Urquinaona (Bruc)-,Eixample,la Dreta de l'Eixample
Metro i línies urbanes FGC,2.18713,41.395239,Marina (Almogàvers)-,Sant Martí,el Parc i la Llacuna del Poblenou
Metro i línies urbanes FGC,2.187159,41.416905,Navas (Biscaia)-,Sant Andreu,Navas
Ferrocarrils Generalitat (FGC),2.151636,41.399679,FGC - GRÀCIA (C. de Marià Cubí)-,Sarrià-Sant Gervasi,Sant Gervasi - Galvany
Ferrocarrils Generalitat (FGC),2.124523,41.39935,FGC - SARRIÀ-,Sarrià-Sant Gervasi,Sarrià
Ferrocarrils Generalitat (FGC),2.125789,41.398544,FGC - SARRIÀ-,Sarrià-Sant Gervasi,les Tres Torres
Metro i línies urbanes FGC,2.184372,41.449449,Trinitat Nova (Palamós)-,Nou Barris,la Trinitat Nova
Metro i línies urbanes FGC,2.179282,41.459334,Torre Baró | Vallbona (Sant Feliu de Codines)-,Nou Barris,Torre Baró
Metro i línies urbanes FGC,2.181941,41.392996,Arc de Triomf (Nàpols)-,Eixample,el Fort Pienc
Metro i línies urbanes FGC,2.168511,41.43058,Vilapicina (Teide)-,Nou Barris,el Turó de la Peira
Tramvia,2.192089,41.387575,TRAMVIA (T4) - CIUTADELLA-VILA OLÍMPICA-,Sant Martí,la Vila Olímpica del Poblenou
Metro i línies urbanes FGC,2.175771,41.403899,Sagrada Família (Mallorca - Marina)-,Eixample,la Sagrada Família
Metro i línies urbanes FGC,2.16545,41.392028,Passeig de Gràcia (Aragó / Pau Claris)-,Eixample,la Dreta de l'Eixample
Metro i línies urbanes FGC,2.140981,41.417415,Penitents (Anna Piferrer)-,Gràcia,Vallcarca i els Penitents
Metro i línies urbanes FGC,2.174512,41.416048,Guinardó | Hospital de Sant Pau (Sant Quintí)-,Horta-Guinardó,el Guinardó
Metro i línies urbanes FGC,2.173922,41.437645,Llucmajor (Passeig Verdum / Llucmajor)-,Nou Barris,la Guineueta
Metro i línies urbanes FGC,2.178923,41.444281,Via Júlia (Via Júlia / Joaquim Valls)-,Nou Barris,la Prosperitat
Metro i línies urbanes FGC,2.206108,41.423466,La Pau (Rambla Guipúscoa / Ca n'Oliva)-,Sant Martí,la Verneda i la Pau
Metro i línies urbanes FGC,2.137098,41.330188,METRO (L10S) - Ecoparc-,Sants-Montjuïc,la Marina del Prat Vermell
Metro i línies urbanes FGC,2.173369,41.437013,METRO (L4) - Llucmajor-,Nou Barris,la Guineueta
Metro i línies urbanes FGC,2.150433,41.405766,METRO (L3) - Lesseps-,Gràcia,la Vila de Gràcia
Metro i línies urbanes FGC,2.193017,41.386715,METRO (L4) - Ciutadella | Vila Olímpica-,Sant Martí,la Vila Olímpica del Poblenou
Metro i línies urbanes FGC,2.175585,41.394915,METRO (L2) - Tetuan-,Eixample,la Dreta de l'Eixample
Metro i línies urbanes FGC,2.17569,41.376567,METRO (L3) - Drassanes-,Ciutat Vella,el Raval
Metro i línies urbanes FGC,2.153048,41.402037,METRO (L3) - Fontana-,Gràcia,la Vila de Gràcia
Metro i línies urbanes FGC,2.187001,41.422397,METRO (L1) - La Sagrera-,Sant Andreu,la Sagrera
Metro i línies urbanes FGC,2.145074,41.38415,Entença (Entença)-,Eixample,la Nova Esquerra de l'Eixample
Metro i línies urbanes FGC,2.173094,41.403718,Sagrada Família (Sardenya)-,Eixample,la Sagrada Família
Metro i línies urbanes FGC,2.159887,41.3961,Diagonal (Diagonal / Rambla Catalunya)-,Eixample,la Dreta de l'Eixample
Metro i línies urbanes FGC,2.143278,41.375426,Hostafrancs (Consell de Cent)-,Sants-Montjuïc,Hostafrancs
Metro i línies urbanes FGC,2.138587,41.375299,Plaça de Sants (Cros)-,Sants-Montjuïc,Sants
Metro i línies urbanes FGC,2.178625,41.44359,Via Júlia (Via Júlia / Argullós)-,Nou Barris,la Prosperitat
Metro i línies urbanes FGC,2.145151,41.378926,Tarragona (València)-,Eixample,la Nova Esquerra de l'Eixample
Metro i línies urbanes FGC,2.145789,41.377887,Tarragona (Tarragona)-,Sants-Montjuïc,Hostafrancs
Metro i línies urbanes FGC,2.21544,41.415712,Besòs Mar (Ferrer Bassa)-,Sant Martí,el Besòs i el Maresme
Metro i línies urbanes FGC,2.209593,41.408242,Selva de Mar (Selva de Mar)-,Sant Martí,Diagonal Mar i el Front Marítim del Poblenou
Metro i línies urbanes FGC,2.19344,41.387931,Ciutadella | Vila Olímpica (Avinguda Icària)-,Sant Martí,la Vila Olímpica del Poblenou
Metro i línies urbanes FGC,2.180809,41.423585,Congrés (Francesc Tàrrega)-,Sant Andreu,el Congrés i els Indians
Metro i línies urbanes FGC,2.176487,41.425536,Maragall (Prat d'en Roquer)-,Nou Barris,Vilapicina i la Torre Llobeta
Metro i línies urbanes FGC,2.14174,41.424703,Vall d'Hebron (Avinguda Jordà)-,Horta-Guinardó,Sant Genís dels Agudells
Metro i línies urbanes FGC,2.174807,41.394865,Tetuan (Diputació / Passeig de Sant Joan)-,Eixample,la Dreta de l'Eixample
Metro i línies urbanes FGC,2.143318,41.375282,METRO (L1) - Hostafrancs-,Sants-Montjuïc,Hostafrancs
Tramvia,2.136412,41.390505,"TRAMVIA (T1,T2,T3) - L'ILLA-",Les Corts,les Corts
Tramvia,2.188338,41.390398,TRAMVIA (T4) - WELLINGTON-,Sant Martí,la Vila Olímpica del Poblenou
Tramvia,2.204513,41.416358,"TRAMVIA (T5, T6) - SANT MARTÍ DE PROVENÇALS-",Sant Martí,Provençals del Poblenou
Metro i línies urbanes FGC,2.140998,41.418307,METRO (L3) - Penitents-,Gràcia,Vallcarca i els Penitents
Metro i línies urbanes FGC,2.133122,41.323735,METRO (L10S) - ZAL | Riu Vell-,Sants-Montjuïc,la Marina del Prat Vermell
Metro i línies urbanes FGC,2.176511,41.425073,METRO (L5) - Maragall-,Sant Andreu,el Congrés i els Indians
Metro i línies urbanes FGC,2.148374,41.422025,METRO (L5) - El Coll | La Teixonera-,Horta-Guinardó,la Teixonera
Metro i línies urbanes FGC,2.19359,41.429587,METRO (L9NL10N) - Onze de Setembre-,Sant Andreu,Sant Andreu
Metro i línies urbanes FGC,2.163729,41.385431,Universitat (Plaça Universitat)-,Eixample,Sant Antoni
Metro i línies urbanes FGC,2.187468,41.423061,La Sagrera (Jardins d'Elx)-,Sant Andreu,la Sagrera
Metro i línies urbanes FGC,2.190689,41.442422,Torras i Bages (Palomar / costat muntanya)-,Sant Andreu,Sant Andreu
Metro i línies urbanes FGC,2.170274,41.374845,Paral·lel (Avinguda Paral·lel)-,Sants-Montjuïc,el Poble-sec
Metro i línies urbanes FGC,2.154836,41.379687,Rocafort (Calàbria / Diputació)-,Eixample,la Nova Esquerra de l'Eixample
Metro i línies urbanes FGC,2.194088,41.448962,Trinitat Vella (Parc de la Trinitat)-,Sant Andreu,la Trinitat Vella
Metro i línies urbanes FGC,2.13707,41.330056,Ecoparc (Carrer A (costat mar))-,Sants-Montjuïc,la Marina del Prat Vermell
Metro i línies urbanes FGC,2.133155,41.323858,ZAL | Riu Vell (Carrer A / Carrer 5)-,Sants-Montjuïc,la Marina del Prat Vermell
Ferrocarrils Generalitat (FGC),2.110914,41.409282,FGC - PEU FUNICULAR-,Sarrià-Sant Gervasi,Sarrià
Ferrocarrils Generalitat (FGC),2.157956,41.392909,FGC - PROVENÇA-,Eixample,l'Antiga Esquerra de l'Eixample
Tramvia,2.121492,41.386718,"TRAMVIA (T1,T2,T3) - PIUS XII-",Les Corts,la Maternitat i Sant Ramon
Ferrocarrils Generalitat (FGC),2.147573,41.401403,FGC - PLAÇA MOLINA<center>-,Sarrià-Sant Gervasi,el Putxet i el Farró
Metro i línies urbanes FGC,2.17086,41.394863,Girona (Consell de Cent)-,Eixample,la Dreta de l'Eixample
Metro i línies urbanes FGC,2.174444,41.415797,Guinardó | Hospital de Sant Pau (Hospital de Sant Pau)-,Horta-Guinardó,el Guinardó
Tramvia,2.186968,41.397311,TRAMVIA (T4) - AUDITORI-TEATRE NACIONAL-,Sant Martí,el Parc i la Llacuna del Poblenou
Tramvia,2.186918,41.39407,TRAMVIA (T4) - MARINA-,Sant Martí,el Parc i la Llacuna del Poblenou
Metro i línies urbanes FGC,2.169557,41.385492,Catalunya (Pelai)-,Ciutat Vella,el Raval
Metro i línies urbanes FGC,2.146137,41.384992,Entença (Rocafort)-,Eixample,la Nova Esquerra de l'Eixample
Metro i línies urbanes FGC,2.174248,41.404525,Sagrada Família (Provença / Avinguda Gaudí)-,Eixample,la Sagrada Família
Metro i línies urbanes FGC,2.168503,41.430354,Vilapicina (Passeig de les Palmeres)-,Nou Barris,Vilapicina i la Torre Llobeta
Metro i línies urbanes FGC,2.186195,41.410296,Clot (Sibelius)-,Sant Martí,el Camp de l'Arpa del Clot
Metro i línies urbanes FGC,2.200007,41.418547,Sant Martí (Agricultura)-,Sant Martí,Sant Martí de Provençals
Metro i línies urbanes FGC,2.130642,41.383926,Les Corts (Travessera de les Corts)-,Les Corts,les Corts
Metro i línies urbanes FGC,2.14169,41.380974,Sants Estació (Pl. Països Catalans / Numància / Ambulatori)-,Sants-Montjuïc,Sants
Tramvia,2.214952,41.41033,TRAMVIA (T4) - DIAGONAL MAR-,Sant Martí,Diagonal Mar i el Front Marítim del Poblenou
Ferrocarrils Generalitat (FGC),2.152507,41.399554,FGC - GRÀCIA-,Gràcia,la Vila de Gràcia
Ferrocarrils Generalitat (FGC),2.169598,41.385842,FGC - CATALUNYA (C. de Pelai)-,Eixample,la Dreta de l'Eixample
Ferrocarrils Generalitat (FGC),2.142852,41.398976,FGC - MUNTANER-,Sarrià-Sant Gervasi,Sant Gervasi - Galvany
Metro i línies urbanes FGC,2.176124,41.447698,METRO (L3) - Roquetes-,Nou Barris,les Roquetes
Metro i línies urbanes FGC,2.209148,41.40803,METRO (L4) - Selva de Mar-,Sant Martí,Diagonal Mar i el Front Marítim del Poblenou
Metro i línies urbanes FGC,2.160272,41.375024,METRO (L3) - Poble Sec-,Eixample,Sant Antoni
Metro i línies urbanes FGC,2.170851,41.394948,METRO (L4) - Girona-,Eixample,la Dreta de l'Eixample
Metro i línies urbanes FGC,2.203397,41.403744,METRO (L4) - Poblenou-,Sant Martí,el Poblenou
Metro i línies urbanes FGC,2.178469,41.383851,Jaume I (Plaça de l'Àngel)-,Ciutat Vella,el Barri Gòtic
Metro i línies urbanes FGC,2.204758,41.436081,Bon Pastor (Sant Adrià)-,Sant Andreu,el Bon Pastor
Metro i línies urbanes FGC,2.111445,41.384503,Zona Universitària (Parc Cervantes)-,Les Corts,Pedralbes
Ferrocarrils Generalitat (FGC),2.135114,41.397895,FGC - BONANOVA-,Sarrià-Sant Gervasi,Sant Gervasi - Galvany
Metro i línies urbanes FGC,2.160833,41.395664,Diagonal (Pg. de Gràcia / Pau Claris)-,Eixample,la Dreta de l'Eixample
Metro i línies urbanes FGC,2.151632,41.388895,Hospital Clínic (Villarroel)-,Eixample,l'Antiga Esquerra de l'Eixample
Metro i línies urbanes FGC,2.140179,41.38242,Sants Estació (Numància)-,Sants-Montjuïc,Sants
Metro i línies urbanes FGC,2.137104,41.375485,Plaça de Sants (Alcolea (escala mecànica))-,Sants-Montjuïc,Sants
Metro i línies urbanes FGC,2.111682,41.384563,Zona Universitària (Facultat d'Estudis Empresarials)-,Les Corts,Pedralbes
Metro i línies urbanes FGC,2.117747,41.386098,Palau Reial (Avda. Diagonal)-,Les Corts,Pedralbes
Metro i línies urbanes FGC,2.166153,41.398712,Verdaguer (Girona)-,Eixample,la Dreta de l'Eixample
Metro i línies urbanes FGC,2.112054,41.375926,METRO (L5) - Ernest Lluch-,Les Corts,la Maternitat i Sant Ramon
Metro i línies urbanes FGC,2.177423,41.423132,METRO (L4) - Maragall-,Horta-Guinardó,el Guinardó
Metro i línies urbanes FGC,2.111205,41.384143,METRO (L3) - Zona Universitària-,Les Corts,la Maternitat i Sant Ramon
RENFE,2.193312,41.435959,RENFE - SANT ANDREU COMTAL-,Sant Andreu,Sant Andreu
Tramvia,2.209864,41.409066,TRAMVIA (T4) - SELVA DE MAR-,Sant Martí,Diagonal Mar i el Front Marítim del Poblenou
Tramvia,2.118294,41.385874,"TRAMVIA (T1,T2,T3) - PALAU REIAL-",Les Corts,la Maternitat i Sant Ramon
Tramvia,2.188532,41.404209,"TRAMVIA (T5, T6) - LA FARINERA-",Sant Martí,el Parc i la Llacuna del Poblenou
Metro i línies urbanes FGC,2.205634,41.424061,METRO (L2) - La Pau-,Sant Martí,la Verneda i la Pau
Metro i línies urbanes FGC,2.20522,41.423706,METRO (L4) - La Pau-,Sant Martí,la Verneda i la Pau
Metro i línies urbanes FGC,2.186749,41.420522,METRO (L9NL10N) - La Sagrera-,Sant Andreu,Navas
Metro i línies urbanes FGC,2.127428,41.341693,METRO (L9S) - Parc Logístic-,Sants-Montjuïc,la Marina del Prat Vermell
Metro i línies urbanes FGC,2.135186,41.375756,METRO (L5) - Plaça de Sants-,Sants-Montjuïc,Sants
Metro i línies urbanes FGC,2.111281,41.333514,METRO (L9S) - Mercabarna-,Sants-Montjuïc,la Marina del Prat Vermell
Metro i línies urbanes FGC,2.181212,41.423468,METRO (L5) - Congrés-,Sant Andreu,el Congrés i els Indians
Metro i línies urbanes FGC,2.180597,41.391881,Arc de Triomf (Avda. Vilanova)-,Eixample,el Fort Pienc
Metro i línies urbanes FGC,2.163822,41.384803,Universitat (Ronda Sant Antoni)-,Eixample,Sant Antoni
Metro i línies urbanes FGC,2.199849,41.449768,Baró de Viver (Riu Besòs)-,Sant Andreu,la Trinitat Vella
Metro i línies urbanes FGC,2.187362,41.402856,Glòries (Plaça de les Glòries Catalanes)-,Sant Martí,el Parc i la Llacuna del Poblenou
Metro i línies urbanes FGC,2.140656,41.335886,Port Comercial | La Factoria (Carrer A (costat mar))-,Sants-Montjuïc,la Marina del Prat Vermell
Metro i línies urbanes FGC,2.137128,41.330317,Ecoparc (Ecoparc)-,Sants-Montjuïc,la Marina del Prat Vermell
Tramvia,2.131844,41.389343,"TRAMVIA (T1,T2,T3) - NUMÀNCIA-",Les Corts,les Corts
Metro i línies urbanes FGC,2.149459,41.41979,El Coll | La Teixonera (Beat Almató)-,Gràcia,el Coll
Metro i línies urbanes FGC,2.192654,41.395515,Bogatell (Pujades)-,Sant Martí,el Parc i la Llacuna del Poblenou
Metro i línies urbanes FGC,2.160664,41.395464,Diagonal (Pg. de Gràcia / Rambla Catalunya)-,Eixample,la Dreta de l'Eixample
Metro i línies urbanes FGC,2.152704,41.402613,Fontana (Gran de Gràcia / Astúries)-,Gràcia,la Vila de Gràcia
Metro i línies urbanes FGC,2.175585,41.376616,Drassanes (Drassanes)-,Ciutat Vella,el Raval
Metro i línies urbanes FGC,2.139949,41.379748,Sants Estació (Estació RENFE / Pl. Països Catalans)-,Sants-Montjuïc,Sants
Metro i línies urbanes FGC,2.186587,41.420439,La Sagrera (Felip II)-,Sant Andreu,Navas
Metro i línies urbanes FGC,2.172791,41.38884,Urquinaona (Plaça Urquinaona)-,Eixample,la Dreta de l'Eixample
Metro i línies urbanes FGC,2.14611,41.378273,Tarragona (Aragó)-,Eixample,la Nova Esquerra de l'Eixample
Metro i línies urbanes FGC,2.217603,41.412237,El Maresme | Fòrum (Rambla de Prim)-,Sant Martí,el Besòs i el Maresme
Ferrocarrils Generalitat (FGC),2.118699,41.398423,FGC - REINA ELISENDA-,Sarrià-Sant Gervasi,Sarrià
Metro i línies urbanes FGC,2.169021,41.387517,METRO (L1) - Catalunya-,Eixample,la Dreta de l'Eixample
Metro i línies urbanes FGC,2.169143,41.375033,METRO (L2) - Paral·lel-,Ciutat Vella,el Raval
Metro i línies urbanes FGC,2.182459,41.449184,METRO (L4) - Trinitat Nova-,Nou Barris,la Trinitat Nova
Metro i línies urbanes FGC,2.13591,41.38195,METRO (L3) - Plaça del Centre-,Sants-Montjuïc,Sants
Metro i línies urbanes FGC,2.184865,41.451306,METRO (L11) - Casa de l'Aigua-,Nou Barris,la Trinitat Nova
Metro i línies urbanes FGC,2.185827,41.394753,METRO (L1) - Marina-,Eixample,el Fort Pienc
Metro i línies urbanes FGC,2.174904,41.446877,Roquetes (Jaume Pinent)-,Nou Barris,les Roquetes
Ferrocarrils Generalitat (FGC),2.139358,41.368228,FGC - MAGÒRIA-LA CAMPANA-,Sants-Montjuïc,la Bordeta
Ferrocarrils Generalitat (FGC),2.142961,41.40344,FGC - PADUA-,Sarrià-Sant Gervasi,el Putxet i el Farró
Metro i línies urbanes FGC,2.145291,41.411724,Vallcarca (Avinguda Vallcarca + Parc Güell)-,Gràcia,Vallcarca i els Penitents
Metro i línies urbanes FGC,2.191592,41.394912,Bogatell (Pujades / Pere IV)-,Sant Martí,el Parc i la Llacuna del Poblenou
Metro i línies urbanes FGC,2.126248,41.375466,Badal (Carreras i Candi)-,Sants-Montjuïc,Sants - Badal
Metro i línies urbanes FGC,2.149844,41.374449,Espanya (Exposició / Paral·lel)-,Sants-Montjuïc,el Poble-sec
Metro i línies urbanes FGC,2.144785,41.378643,Tarragona (Elisi)-,Sants-Montjuïc,Hostafrancs
Metro i línies urbanes FGC,2.150191,41.375267,Espanya (Avinguda Paral·lel)-,Eixample,Sant Antoni
Metro i línies urbanes FGC,2.175987,41.377109,Drassanes (Santa Madrona)-,Ciutat Vella,el Raval
Metro i línies urbanes FGC,2.143736,41.37554,Hostafrancs (Consell de Cent / Mercat)-,Sants-Montjuïc,Hostafrancs
Metro i línies urbanes FGC,2.181726,41.41531,Camp de l'Arpa (Indústria)-,Sant Martí,el Camp de l'Arpa del Clot
Metro i línies urbanes FGC,2.179909,41.459224,METRO (L11) - Torre Baró | Vallbona-,Nou Barris,Torre Baró
Metro i línies urbanes FGC,2.153855,41.379021,Rocafort (Rocafort / Diputació)-,Eixample,la Nova Esquerra de l'Eixample
RENFE,2.18004,41.391817,RENFE - ARC DE TRIOMF-,Eixample,el Fort Pienc
Metro i línies urbanes FGC,2.127429,41.375609,METRO (L5) - Badal-,Sants-Montjuïc,Sants - Badal
Metro i línies urbanes FGC,2.140424,41.379984,METRO (L5) - Sants Estació-,Sants-Montjuïc,Sants
Metro i línies urbanes FGC,2.186664,41.395642,Marina (L'Auditori)-,Eixample,el Fort Pienc
Metro i línies urbanes FGC,2.190573,41.444109,Torras i Bages (Passeig Santa Coloma / costat muntanya)-,Sant Andreu,Sant Andreu
Metro i línies urbanes FGC,2.190837,41.444117,Torras i Bages (Passeig Santa Coloma / costat mar)-,Sant Andreu,Sant Andreu
Metro i línies urbanes FGC,2.111998,41.333861,Mercabarna (Carrer K / Carrer Transversal 6)-,Sants-Montjuïc,la Marina del Prat Vermell
Metro i línies urbanes FGC,2.170595,41.387819,Catalunya (Ronda Sant Pere)-,Eixample,la Dreta de l'Eixample
Metro i línies urbanes FGC,2.187449,41.410911,Clot (València)-,Sant Martí,el Clot
Metro i línies urbanes FGC,2.1388,41.360821,Foneria (Mercat de la Marina)-,Sants-Montjuïc,la Marina de Port
Metro i línies urbanes FGC,2.142117,41.35625,Foc (Foc (costat Montjuïc))-,Sants-Montjuïc,la Marina de Port
Ferrocarrils Generalitat (FGC),2.139529,41.405442,FGC - EL PUTXET-,Sarrià-Sant Gervasi,el Putxet i el Farró
Ferrocarrils Generalitat (FGC),2.148628,41.374547,FGC - ESPANYA-,Sants-Montjuïc,el Poble-sec
Metro i línies urbanes FGC,2.156452,41.437649,Valldaura (Passeig Valldaura)-,Horta-Guinardó,Horta
Tramvia,2.209361,41.41994,"TRAMVIA (T5, T6) - BESÒS-",Sant Martí,el Besòs i el Maresme
Tramvia,2.198381,41.406205,TRAMVIA (T4) - PERE IV-,Sant Martí,Provençals del Poblenou
Metro i línies urbanes FGC,2.142183,41.4254,Vall d'Hebron (Residència Sanitària)-,Horta-Guinardó,Montbau
Metro i línies urbanes FGC,2.193327,41.429877,Onze de Setembre (Onze de Setembre)-,Sant Andreu,Sant Andreu
Metro i línies urbanes FGC,2.145511,41.430532,Montbau (Palau  Olímpic Vall d'Hebron)-,Horta-Guinardó,la Vall d'Hebron
Metro i línies urbanes FGC,2.148022,41.423316,El Coll | La Teixonera (Arenys)-,Horta-Guinardó,la Teixonera
Metro i línies urbanes FGC,2.187473,41.421776,La Sagrera (Hondures)-,Sant Andreu,la Sagrera
Metro i línies urbanes FGC,2.166953,41.411976,Alfons X (Lepant)-,Horta-Guinardó,el Baix Guinardó
Metro i línies urbanes FGC,2.172906,41.436769,Llucmajor (Pi i Molist)-,Nou Barris,la Guineueta
Metro i línies urbanes FGC,2.150645,41.388423,Hospital Clínic (Rosselló)-,Eixample,l'Antiga Esquerra de l'Eixample
Metro i línies urbanes FGC,2.173471,41.380893,Liceu (La Rambla / Teatre Liceu)-,Ciutat Vella,el Raval
Ferrocarrils Generalitat (FGC),2.11937,41.399203,FGC - REINA ELISENDA-,Sarrià-Sant Gervasi,Sarrià
Ferrocarrils Generalitat (FGC),2.152429,41.400039,FGC - GRÀCIA (Pl. de Gal·la Placídia)-,Gràcia,la Vila de Gràcia
Metro i línies urbanes FGC,2.193862,41.448984,METRO (L1) - Trinitat Vella-,Sant Andreu,la Trinitat Vella
Metro i línies urbanes FGC,2.163939,41.384796,METRO (L2) - Universitat-,Eixample,Sant Antoni
Metro i línies urbanes FGC,2.187083,41.416215,METRO (L1) - Navas-,Sant Andreu,Navas
Metro i línies urbanes FGC,2.142591,41.425311,METRO (L3) - Vall d'Hebron-,Horta-Guinardó,Montbau
Metro i línies urbanes FGC,2.160073,41.395916,METRO (L3) - Diagonal-,Eixample,la Dreta de l'Eixample
Metro i línies urbanes FGC,2.182726,41.407264,METRO (L2) - Encants-,Sant Martí,el Camp de l'Arpa del Clot
Metro i línies urbanes FGC,2.216108,41.415127,METRO (L4) - Besòs Mar-,Sant Martí,el Besòs i el Maresme
RENFE,2.186507,41.423935,RENFE - LA SAGRERA - MERIDIANA-,Sant Andreu,la Sagrera
Metro i línies urbanes FGC,2.144363,41.412003,METRO (L3) - Vallcarca-,Gràcia,Vallcarca i els Penitents
Metro i línies urbanes FGC,2.149409,41.375538,METRO (L1) - Espanya-,Eixample,la Nova Esquerra de l'Eixample
Ferrocarrils Generalitat (FGC),2.143251,41.398645,FGC - MUNTANER-,Sarrià-Sant Gervasi,Sant Gervasi - Galvany
Metro i línies urbanes FGC,2.150329,41.421027,El Coll | La Teixonera (Passeig Mare de Déu del Coll)-,Horta-Guinardó,el Carmel
Ferrocarrils Generalitat (FGC),2.167646,41.386095,FGC - CATALUNYA (C. de Bergara)-,Eixample,la Dreta de l'Eixample
Ferrocarrils Generalitat (FGC),2.157649,41.393362,FGC - PROVENÇA (C. del Rossellò)-,Eixample,la Dreta de l'Eixample
Ferrocarrils Generalitat (FGC),2.143265,41.403133,FGC - PADUA-,Sarrià-Sant Gervasi,Sant Gervasi - Galvany
Metro i línies urbanes FGC,2.165035,41.391864,Passeig de Gràcia (Aragó / Rambla Catalunya)-,Eixample,la Dreta de l'Eixample
Metro i línies urbanes FGC,2.165519,41.391557,Passeig de Gràcia (Consell de Cent)-,Eixample,la Dreta de l'Eixample
Metro i línies urbanes FGC,2.216089,41.411761,El Maresme | Fòrum (Avinguda Diagonal)-,Sant Martí,el Besòs i el Maresme
Metro i línies urbanes FGC,2.174821,41.4294,Virrei Amat (Virrei Amat (mar))-,Nou Barris,Vilapicina i la Torre Llobeta
Metro i línies urbanes FGC,2.160994,41.429707,Horta (Tajo)-,Horta-Guinardó,Horta
Metro i línies urbanes FGC,2.126293,41.388261,Maria Cristina (Av. Diagonal / Doctor Ferran)-,Les Corts,Pedralbes
Metro i línies urbanes FGC,2.130663,41.384419,Les Corts (Joan Güell)-,Les Corts,les Corts
Metro i línies urbanes FGC,2.167872,41.390085,METRO (L4) - Passeig de Gràcia-,Eixample,la Dreta de l'Eixample
Metro i línies urbanes FGC,2.130897,41.384148,METRO (L3) - Les Corts-,Les Corts,les Corts
Metro i línies urbanes FGC,2.190697,41.443253,METRO (L1) - Torras i Bages-,Sant Andreu,Sant Andreu
RENFE,2.180575,41.391875,RENFE - ARC DE TRIOMF-,Eixample,el Fort Pienc
RENFE,2.140341,41.379074,RENFE - SANTS ESTACIÓ-,Sants-Montjuïc,Sants
Tramvia,2.186836,41.401681,"TRAMVIA (T4, T5, T6) - GLÒRIES-",Eixample,el Fort Pienc
RENFE,2.180357,41.46161,RENFE - TORRE BARÓ-,Nou Barris,Torre Baró
RENFE,2.169552,41.388029,RENFE - CATALUNYA-,Eixample,la Dreta de l'Eixample
Tramvia,2.112031,41.376647,"TRAMVIA (T1,T2,T3) - SANT RAMON-",Les Corts,la Maternitat i Sant Ramon
Metro i línies urbanes FGC,2.163296,41.368985,METRO (FM) - Parc de Montjuïc-,Sants-Montjuïc,el Poble-sec
Metro i línies urbanes FGC,2.154588,41.37926,METRO (L1) - Rocafort-,Eixample,la Nova Esquerra de l'Eixample
Metro i línies urbanes FGC,2.150247,41.406702,Lesseps (Plaça Lesseps)-,Gràcia,la Vila de Gràcia
Metro i línies urbanes FGC,2.187147,41.402008,Glòries (Avda. Meridiana)-,Sant Martí,el Parc i la Llacuna del Poblenou
Metro i línies urbanes FGC,2.155396,41.37934,Rocafort (Calàbria / Sepúlveda)-,Eixample,Sant Antoni
Metro i línies urbanes FGC,2.159561,41.383023,Urgell (Villarroel / Diputació)-,Eixample,l'Antiga Esquerra de l'Eixample
Metro i línies urbanes FGC,2.165279,41.38602,Universitat (Ronda Universitat)-,Eixample,la Dreta de l'Eixample
Metro i línies urbanes FGC,2.164683,41.385763,Universitat (Pelai)-,Ciutat Vella,el Raval
Metro i línies urbanes FGC,2.181356,41.392505,Arc de Triomf (Roger de Flor)-,Eixample,el Fort Pienc
Metro i línies urbanes FGC,2.138395,41.360635,Foneria (Jardins dels Drets Humans)-,Sants-Montjuïc,la Marina de Port
Metro i línies urbanes FGC,2.136986,41.330086,Ecoparc (Carrer A / Carrer 4)-,Sants-Montjuïc,la Marina del Prat Vermell
Metro i línies urbanes FGC,2.133096,41.323607,ZAL | Riu Vell (ZAL)-,Sants-Montjuïc,la Marina del Prat Vermell
Ferrocarrils Generalitat (FGC),2.131188,41.397617,FGC - LES TRES TORRES-,Sarrià-Sant Gervasi,les Tres Torres
Ferrocarrils Generalitat (FGC),2.09734,41.419668,FGC - BAIXADOR DE VALLVIDRERA-,Sarrià-Sant Gervasi,"Vallvidrera, el Tibidabo i les Planes"
Ferrocarrils Generalitat (FGC),2.091563,41.427474,FGC - LES PLANES-,Sarrià-Sant Gervasi,"Vallvidrera, el Tibidabo i les Planes"
Metro i línies urbanes FGC,2.166619,41.441961,Canyelles (Via Favència)-,Nou Barris,Canyelles
Ferrocarrils Generalitat (FGC),2.168784,41.385795,FGC - CATALUNYA-,Eixample,la Dreta de l'Eixample
Metro i línies urbanes FGC,2.159127,41.394438,Diagonal (Rambla Catalunya)-,Eixample,la Dreta de l'Eixample
Metro i línies urbanes FGC,2.175455,41.394346,Tetuan (Casp / Passeig de Sant Joan)-,Eixample,la Dreta de l'Eixample
Metro i línies urbanes FGC,2.17431,41.387633,Urquinaona (Jonqueres)-,Ciutat Vella,"Sant Pere, Santa Caterina i la Ribera"
Metro i línies urbanes FGC,2.163204,41.405764,Joanic (Pi i Margall)-,Gràcia,el Camp d'en Grassot i Gràcia Nova
Metro i línies urbanes FGC,2.177446,41.42256,Maragall (Ronda Guinardó - costat Mar)-,Horta-Guinardó,el Guinardó
Metro i línies urbanes FGC,2.173855,41.437143,Llucmajor (Plaça Jardins d'Alfàbia)-,Nou Barris,Porta
Metro i línies urbanes FGC,2.14299,41.424896,Vall d'Hebron (Mercat de Vall d'Hebron)-,Horta-Guinardó,la Vall d'Hebron
Metro i línies urbanes FGC,2.216704,41.414559,Besòs Mar (Jaume Fabre)-,Sant Martí,el Besòs i el Maresme
Metro i línies urbanes FGC,2.180981,41.414783,Camp de l'Arpa (Passeig Maragall)-,Sant Martí,el Camp de l'Arpa del Clot
Metro i línies urbanes FGC,2.18214,41.423451,Congrés (Matanzas)-,Sant Andreu,el Congrés i els Indians
Metro i línies urbanes FGC,2.19308,41.388183,Ciutadella | Vila Olímpica (Zoo)-,Sant Martí,la Vila Olímpica del Poblenou
Metro i línies urbanes FGC,2.191213,41.436628,METRO (L1) - Sant Andreu-,Sant Andreu,Sant Andreu
Metro i línies urbanes FGC,2.173471,41.387989,METRO (L4) - Urquinaona-,Ciutat Vella,"Sant Pere, Santa Caterina i la Ribera"
Metro i línies urbanes FGC,2.168269,41.389444,METRO (L2) - Passeig de Gràcia-,Eixample,la Dreta de l'Eixample
Metro i línies urbanes FGC,2.118564,41.386008,METRO (L3) - Palau Reial-,Les Corts,la Maternitat i Sant Ramon
Metro i línies urbanes FGC,2.156904,41.438024,METRO (L3) - Valldaura-,Horta-Guinardó,Horta
Metro i línies urbanes FGC,2.187029,41.410191,METRO (L1) - Clot-,Sant Martí,el Clot
Metro i línies urbanes FGC,2.175132,41.404013,METRO (L2) - Sagrada Família-,Eixample,la Sagrada Família
Metro i línies urbanes FGC,2.183225,41.449928,METRO (L11) - Trinitat Nova-,Nou Barris,la Trinitat Nova
Metro i línies urbanes FGC,2.170118,41.38635,METRO (L3) - Catalunya-,Eixample,la Dreta de l'Eixample
Metro i línies urbanes FGC,2.183687,41.429661,METRO (L1) - Fabra i Puig-,Sant Andreu,Sant Andreu
Metro i línies urbanes FGC,2.135859,41.375542,Plaça de Sants (Galileu)-,Sants-Montjuïc,Sants
Metro i línies urbanes FGC,2.210309,41.420368,Besòs (Gran Via de les Corts Catalanes)-,Sant Martí,el Besòs i el Maresme
Metro i línies urbanes FGC,2.170416,41.375093,Paral·lel (Nou de la Rambla)-,Ciutat Vella,el Raval
Metro i línies urbanes FGC,2.169668,41.385784,Catalunya (Bergara)-,Eixample,la Dreta de l'Eixample
Metro i línies urbanes FGC,2.166217,41.398489,Verdaguer (Avinguda Diagonal)-,Eixample,la Dreta de l'Eixample
Metro i línies urbanes FGC,2.173434,41.403457,Sagrada Família (Plaça de la Sagrada Família)-,Eixample,la Sagrada Família
Metro i línies urbanes FGC,2.175732,41.410069,Sant Pau | Dos de Maig (Cartagena)-,Eixample,la Sagrada Família
Metro i línies urbanes FGC,2.176089,41.425728,Maragall (Avinguda dels Quinze)-,Nou Barris,Vilapicina i la Torre Llobeta
Metro i línies urbanes FGC,2.174555,41.430492,Virrei Amat (Pi i Molist)-,Nou Barris,el Turó de la Peira
Metro i línies urbanes FGC,2.174104,41.430263,Virrei Amat (Fabra i Puig)-,Nou Barris,Vilapicina i la Torre Llobeta
Metro i línies urbanes FGC,2.172647,41.382043,Liceu (La Rambla / Mercat de la Boqueria)-,Ciutat Vella,el Barri Gòtic
Metro i línies urbanes FGC,2.13999,41.3821,Sants Estació (Enric Bargés)-,Sants-Montjuïc,Sants
Metro i línies urbanes FGC,2.137453,41.375461,Plaça de Sants (Alcolea)-,Sants-Montjuïc,Sants
Metro i línies urbanes FGC,2.142302,41.375225,Hostafrancs (Moianès)-,Sants-Montjuïc,Hostafrancs
Metro i línies urbanes FGC,2.149237,41.375742,Espanya (Tarragona)-,Eixample,la Nova Esquerra de l'Eixample
Metro i línies urbanes FGC,2.161381,41.375145,Poble Sec (Parlament)-,Eixample,Sant Antoni
Metro i línies urbanes FGC,2.133263,41.372557,Mercat Nou (Riera de Tena)-,Sants-Montjuïc,Sants
Metro i línies urbanes FGC,2.175576,41.429232,Virrei Amat (Felip II / Virrei Amat)-,Nou Barris,Vilapicina i la Torre Llobeta
Metro i línies urbanes FGC,2.201181,41.419425,Sant Martí (Cantàbria)-,Sant Martí,Sant Martí de Provençals
Metro i línies urbanes FGC,2.140684,41.336012,METRO (L10S) - Port Comercial | La Factoria-,Sants-Montjuïc,la Marina del Prat Vermell
Metro i línies urbanes FGC,2.151582,41.375046,METRO (L3) - Espanya-,Sants-Montjuïc,el Poble-sec
Metro i línies urbanes FGC,2.166414,41.441782,METRO (L3) - Canyelles-,Nou Barris,Canyelles
Tramvia,2.19139,41.40443,TRAMVIA (T4) - CA L'ARANYÓ-,Sant Martí,el Parc i la Llacuna del Poblenou
Tramvia,2.142997,41.392183,"TRAMVIA (T1,T2,T3) - FRANCESC MACIÀ-",Les Corts,les Corts
Tramvia,2.126641,41.388002,"TRAMVIA (T1,T2,T3) - Mª CRISTINA-",Les Corts,la Maternitat i Sant Ramon
Tramvia,2.114498,41.384459,"TRAMVIA (T1,T2,T3) - ZONA UNIVERSITÀRIA-",Les Corts,la Maternitat i Sant Ramon
Metro i línies urbanes FGC,2.197738,41.399453,METRO (L4) - Llacuna-,Sant Martí,el Poblenou
Metro i línies urbanes FGC,2.181191,41.392365,METRO (L1) - Arc de Triomf-,Eixample,el Fort Pienc
Metro i línies urbanes FGC,2.173644,41.403863,METRO (L5) - Sagrada Família-,Eixample,la Sagrada Família
Metro i línies urbanes FGC,2.174939,41.429731,METRO (L5) - Virrei Amat-,Nou Barris,Vilapicina i la Torre Llobeta
Metro i línies urbanes FGC,2.111648,41.38377,METRO (L9S) - Zona Universitària-,Les Corts,la Maternitat i Sant Ramon
Metro i línies urbanes FGC,2.163121,41.368874,Parc de Montjuïc (Avinguda Miramar)-,Sants-Montjuïc,el Poble-sec
Metro i línies urbanes FGC,2.168458,41.387194,Catalunya (Ronda Universitat)-,Eixample,la Dreta de l'Eixample
Metro i línies urbanes FGC,2.1909,41.435915,Sant Andreu (Plaça d'Orfila)-,Sant Andreu,Sant Andreu
Metro i línies urbanes FGC,2.147254,41.435565,Mundet (Passeig Vall d'Hebron)-,Horta-Guinardó,Montbau
Metro i línies urbanes FGC,2.111982,41.384061,Zona Universitària (Dr. Marañón)-,Les Corts,la Maternitat i Sant Ramon
Metro i línies urbanes FGC,2.168344,41.387636,Catalunya (Rambla Catalunya)-,Eixample,la Dreta de l'Eixample
Metro i línies urbanes FGC,2.188412,41.403035,Glòries (Badajoz)-,Sant Martí,el Parc i la Llacuna del Poblenou
Metro i línies urbanes FGC,2.145005,41.343141,Zona Franca (Carrer A / Carrer 1)-,Sants-Montjuïc,la Marina del Prat Vermell
Metro i línies urbanes FGC,2.140712,41.33614,Port Comercial | La Factoria (Carrer A / Carrer 25)-,Sants-Montjuïc,la Marina del Prat Vermell
Metro i línies urbanes FGC,2.140574,41.335914,Port Comercial | La Factoria (Carrer A / Carrer 27)-,Sants-Montjuïc,la Marina del Prat Vermell
Ferrocarrils Generalitat (FGC),2.130075,41.398154,FGC - LES TRES TORRES-,Sarrià-Sant Gervasi,les Tres Torres
Ferrocarrils Generalitat (FGC),2.118998,41.398967,FGC - REINA ELISENDA-,Sarrià-Sant Gervasi,Sarrià
Metro i línies urbanes FGC,2.179295,41.383846,Jaume I (Argenteria)-,Ciutat Vella,"Sant Pere, Santa Caterina i la Ribera"
Metro i línies urbanes FGC,2.174789,41.430265,Virrei Amat (Virrei Amat (muntanya))-,Nou Barris,Vilapicina i la Torre Llobeta
Metro i línies urbanes FGC,2.182493,41.406856,Encants (València / Aragó)-,Sant Martí,el Camp de l'Arpa del Clot
Metro i línies urbanes FGC,2.171463,41.394694,Girona (Girona)-,Eixample,la Dreta de l'Eixample
Metro i línies urbanes FGC,2.165113,41.412096,Alfons X (Plaça Alfons el Savi)-,Horta-Guinardó,el Baix Guinardó
Metro i línies urbanes FGC,2.145069,41.411438,Vallcarca (Avinguda República Argentina)-,Gràcia,Vallcarca i els Penitents
Metro i línies urbanes FGC,2.166538,41.412424,Alfons X (Ronda Guinardó)-,Horta-Guinardó,el Baix Guinardó
Metro i línies urbanes FGC,2.183313,41.449237,Trinitat Nova (Pedrosa)-,Nou Barris,la Trinitat Nova
Metro i línies urbanes FGC,2.126059,41.3757,Badal (Carrer de Sants / Arizala)-,Sants-Montjuïc,Sants - Badal
Metro i línies urbanes FGC,2.139599,41.379538,Sants Estació (Estació RENFE / Pl. Joan Peiró)-,Sants-Montjuïc,Sants
Metro i línies urbanes FGC,2.176391,41.411169,Sant Pau | Dos de Maig (Dos de Maig)-,Eixample,la Sagrada Família
Metro i línies urbanes FGC,2.19628,41.415745,Bac de Roda (Fluvià)-,Sant Martí,Sant Martí de Provençals
Metro i línies urbanes FGC,2.126822,41.387815,Maria Cristina (Gran Via Carles III)-,Les Corts,la Maternitat i Sant Ramon
Ferrocarrils Generalitat (FGC),2.139256,41.406043,FGC - EL PUTXET-,Sarrià-Sant Gervasi,el Putxet i el Farró
Metro i línies urbanes FGC,2.133563,41.373031,METRO (L1) - Mercat Nou-,Sants-Montjuïc,Sants
Metro i línies urbanes FGC,2.186861,41.410386,METRO (L2) - Clot-,Sant Martí,el Camp de l'Arpa del Clot
Metro i línies urbanes FGC,2.174593,41.389664,METRO (L1) - Urquinaona-,Eixample,la Dreta de l'Eixample
Metro i línies urbanes FGC,2.216718,41.411808,METRO (L4) - El Maresme | Fòrum-,Sant Martí,el Besòs i el Maresme
Metro i línies urbanes FGC,2.163251,41.406455,METRO (L4) - Joanic-,Gràcia,el Camp d'en Grassot i Gràcia Nova
